"Country",F(Author-paper combination),M(Author-paper combination),UNI(Author-paper combination),UNK(Author-paper combination),INI(Author-paper combination),ALL Papers(Author-paper combination),% of all,% (All - Initials),F(Distinct papers),M(Distinct papers),ANY(Distinct papers),UNI(Distinct papers),UNK(Distinct papers),INI(Distinct papers),ALL Papers(Distinct papers),% of all,F(Full names),M(Full names),UNI(Full names),UNK(Full names),INI(Full names),All(Full names),% of all,% (All - Initials),F(Given names),M(Given names),UNI(Given names),UNK(Given names),INI(Given names),All(Given names),% of all,% (All - Initials)
United States,"1,428,746","3,148,921","146,258","432,053","1,207,546","6,363,524",71.9%,88.8%,"746,449","1,220,331","1,354,333","133,603","337,594","202,958","1,568,895",86.3%,"381,419","567,715","42,171","98,962","252,523","1,342,790",70.7%,87.1%,"71,387","75,863","7,550","88,070","4,758","247,628",59.5%,60.6%
China,"553,375","1,501,678","18,299","225,817","310,363","2,609,532",78.8%,89.4%,"323,385","500,434","528,083","17,176","169,625","73,275","604,157",87.4%,"38,031","57,918","5,842","33,628","34,818","170,237",56.4%,70.9%,"21,537","29,047","3,669","29,844","3,409","87,506",57.8%,60.1%
Japan,"207,895","1,012,864","45,146","241,715","238,277","1,745,897",69.9%,81.0%,"152,097","271,895","308,403","24,124","51,196","109,433","423,989",72.7%,"82,735","125,786","7,392","19,927","117,457","353,297",59.0%,88.4%,"19,284","27,331","1,982","18,031","4,618","71,246",65.4%,70.0%
Germany,"257,449","710,942","40,550","64,242","574,980","1,648,163",58.8%,90.2%,"148,037","278,751","300,943","36,962","55,204","115,103","421,771",71.4%,"78,601","127,823","8,791","18,742","115,306","349,263",59.1%,88.2%,"11,093","18,584","1,182","12,327","2,570","45,756",64.9%,68.7%
United Kingdom,"262,999","585,722","25,562","59,718","460,212","1,394,213",60.9%,90.9%,"134,454","300,698","310,095","41,206","159,187","43,908","363,227",85.4%,"33,231","66,871","6,273","33,042","35,656","175,073",57.2%,71.8%,"4,956","9,191",701,"18,451","1,185","34,484",41.0%,42.5%
Italy,"314,318","410,721","3,894","31,754","462,480","1,223,167",59.3%,95.3%,"113,208","175,042","198,482","52,669","22,561","98,398","302,665",65.6%,"67,831","86,967","12,901","10,464","110,989","289,152",53.5%,86.9%,"8,274","11,215","1,245","8,791","1,914","31,439",62.0%,66.0%
France,"235,129","402,921","64,145","25,388","467,040","1,194,623",53.4%,87.7%,"105,310","181,153","208,280","22,618","40,989","45,588","259,072",80.4%,"59,970","82,206","6,960","14,926","50,513","214,575",66.3%,86.7%,"16,894","21,846","1,987","13,661","2,448","56,836",68.2%,71.2%
South Korea,"117,163","415,975","37,336","193,678","92,995","857,147",62.2%,69.8%,"124,191","160,485","180,955","3,840","27,303","69,577","250,948",72.1%,"70,800","68,704",936,"9,318","84,095","233,853",59.7%,93.2%,"6,447","7,599",315,"6,100",931,"21,392",65.7%,68.6%
Spain,"205,351","311,524","7,541","23,776","290,990","839,182",61.6%,94.3%,"97,655","135,706","153,848","7,342","19,519","72,513","220,988",69.6%,"56,983","66,953","2,161","8,963","72,617","207,677",59.7%,91.8%,"5,730","7,682",393,"5,247",984,"20,036",66.9%,70.4%
Canada,"184,318","373,795","24,691","48,639","163,570","795,013",70.2%,88.4%,"58,270","108,001","129,655","7,696","86,182","105,401","204,124",63.5%,"18,618","34,683","2,254","30,173","59,627","145,355",36.7%,62.2%,"7,839","16,260",929,"28,922","1,906","55,856",43.1%,44.7%
India,"80,533","189,047","7,873","133,902","271,867","683,222",39.5%,65.5%,"75,173","154,655","164,051","33,034","112,278","21,605","198,150",82.8%,"7,809","19,010","3,476","13,326","11,389","55,010",48.8%,61.5%,"5,488","21,673","2,838","29,320","1,628","60,947",44.6%,45.8%
Brazil,"189,877","265,897","3,398","51,205","133,330","643,707",70.8%,89.3%,"79,399","126,492","147,061","12,663","27,228","38,091","188,740",77.9%,"42,681","56,064","3,896","9,553","43,384","155,578",63.5%,88.0%,"13,333","15,793","1,380","9,096","2,335","41,937",69.5%,73.5%
Australia,"142,798","265,222","13,518","31,424","117,059","570,021",71.6%,90.1%,"87,485","111,367","128,677","3,334","40,868","31,987","160,307",80.3%,"67,468","70,265","1,172","18,135","52,638","209,678",65.7%,87.7%,"41,063","40,335","1,025","18,051","5,637","106,111",76.7%,81.0%
Netherlands,"92,502","204,985","17,415","67,553","142,860","525,315",56.6%,77.8%,"55,480","94,312","106,594","15,773","47,602","38,270","150,660",70.8%,"27,485","42,104","3,552","17,061","44,070","134,272",51.8%,77.1%,"11,466","15,220","1,509","11,496","5,076","44,767",59.6%,67.2%
Russia,"95,949","268,355",81,764,"99,716","464,865",78.4%,99.8%,"55,530","102,078","113,283",78,747,"52,084","119,582",94.7%,"33,137","56,374",38,350,"27,352","117,251",76.3%,99.6%,"3,188","5,019",10,169,752,"9,138",89.8%,97.9%
Taiwan,"135,221","202,769","10,194","50,271","60,664","459,119",73.6%,84.8%,"71,638","87,619","100,581","9,607","39,161","15,101","116,694",86.2%,"13,067","15,541","2,299","7,439","10,571","48,917",58.5%,74.6%,"15,204","14,925","2,264","9,544","2,051","43,988",68.5%,71.8%
Switzerland,"55,533","152,098","10,869","16,985","163,738","399,223",52.0%,88.2%,"35,370","71,647","79,808","9,901","12,810","25,460","107,835",74.0%,"19,639","33,118","2,494","4,440","26,616","86,307",61.1%,88.4%,"5,181","7,624",564,"3,758","1,133","18,260",70.1%,74.8%
Turkey,"45,368","129,522","6,397","123,064","70,935","375,286",46.6%,57.5%,"32,619","63,516","73,347","6,152","64,205","17,611","100,486",73.0%,"12,188","23,974","1,714","28,693","23,145","89,714",40.3%,54.3%,"2,862","4,360",463,"13,480",588,"21,753",33.2%,34.1%
Poland,"82,574","101,519","7,556","9,374","88,922","289,945",63.5%,91.6%,"40,207","62,950","73,676","3,571","14,969","19,916","95,613",77.1%,"20,141","25,034",935,"5,324","19,226","70,660",63.9%,87.8%,"5,246","6,565",376,"4,045","1,207","17,439",67.7%,72.8%
Sweden,"71,244","128,762","3,680","17,237","65,362","286,285",69.9%,90.5%,"41,035","51,287","62,324","7,049","7,335","23,478","87,171",71.5%,"23,958","23,726","1,896","3,634","23,344","76,558",62.3%,89.6%,"1,142","1,660",135,"2,108",423,"5,468",51.2%,55.5%
Belgium,"52,268","115,415","9,689","13,792","89,067","280,231",59.8%,87.7%,"15,416","49,367","52,050","4,910","37,752","30,105","84,748",61.4%,"7,894","25,667","1,752","18,943","27,706","81,962",40.9%,61.9%,"1,264","4,524",501,"9,486",566,"16,341",35.4%,36.7%
Iran,"19,404","103,486","5,213","56,205","85,593","269,901",45.5%,66.7%,"30,260","52,291","58,733","8,779","11,550","22,651","83,367",70.5%,"14,350","21,998","1,991","4,226","22,393","64,958",56.0%,85.4%,"3,368","5,017",514,"2,937","1,201","13,037",64.3%,70.8%
Greece,"26,654","68,389",937,"22,893","65,629","184,502",51.5%,80.0%,"22,275","38,486","43,776","4,617","10,264","11,940","57,740",75.8%,"10,705","14,934",969,"3,289","12,301","42,198",60.8%,85.8%,"5,427","7,093",485,"2,619",950,"16,574",75.5%,80.1%
Austria,"32,399","82,370","4,702","5,967","50,045","175,483",65.4%,91.5%,"18,477","35,878","39,733","4,351","5,311","14,511","55,345",71.8%,"10,927","17,869","1,131","2,001","15,283","47,211",61.0%,90.2%,"2,201","3,473",187,"1,675",683,"8,219",69.0%,75.3%
Denmark,"37,774","81,931","4,962","11,890","38,570","175,127",68.4%,87.7%,"21,351","36,438","42,293","4,925","17,962","9,575","54,972",76.9%,"11,421","15,372","1,587","7,558","11,469","47,407",56.5%,74.6%,"2,019","3,004",230,"3,020",458,"8,731",57.5%,60.7%
Israel,"35,314","69,262","5,324","23,941","36,542","170,383",61.4%,78.1%,"15,329","29,029","31,851",907,"15,893","16,037","49,691",64.1%,"9,508","17,672",267,"8,187","20,582","56,216",48.3%,76.3%,"1,725","2,136",82,"3,509",655,"8,107",47.6%,51.8%
Finland,"43,278","61,264","2,563","18,733","42,362","168,200",62.2%,83.1%,"22,144","29,399","35,574","2,467","13,797","10,855","48,097",74.0%,"11,392","11,893",624,"5,066","11,667","40,642",57.3%,80.4%,"2,343","3,033",132,"2,072",758,"8,338",64.5%,70.9%
Mexico,"35,504","63,749","2,530","5,515","52,940","160,238",61.9%,92.5%,"18,886","28,784","32,442","2,411","4,742","15,268","46,611",69.6%,"10,571","11,426",142,"1,688","12,305","36,132",60.9%,92.3%,"4,071","4,587",116,"1,505","1,375","11,654",74.3%,84.2%
Portugal,"43,764","52,480",505,"4,980","51,279","153,008",62.9%,94.6%,"21,099","26,995","32,799",501,"4,463","14,783","46,564",70.4%,"16,895","24,751","1,119","2,769","21,348","66,882",62.3%,91.5%,"3,546","4,153",261,"2,240",714,"10,914",70.5%,75.5%
Czech Republic,"44,162","56,209","2,523","4,309","45,077","152,280",65.9%,93.6%,"17,424","29,125","34,354","3,073","11,094","9,269","45,581",75.4%,"9,032","12,480",721,"3,824","10,405","36,462",59.0%,82.6%,"4,377","5,405",338,"2,419",901,"13,440",72.8%,78.0%
Norway,"28,559","55,224","3,206","13,826","31,997","132,812",63.1%,83.1%,"16,231","27,077","31,993","3,126","14,997","9,445","43,016",74.4%,"6,634","10,007",868,"5,241","7,710","30,460",54.6%,73.1%,"6,172","7,722",846,"5,670","1,626","22,036",63.1%,68.1%
Singapore,"25,065","50,859","3,273","21,253","27,103","127,553",59.5%,75.6%,"22,897","26,544","35,148","2,411","3,891","11,621","42,569",82.6%,"11,261","10,818",480,"1,241","8,410","32,210",68.5%,92.8%,928,949,50,629,183,"2,739",68.5%,73.4%
Argentina,"39,727","40,218",895,"1,482","31,867","114,189",70.0%,97.1%,"11,063","18,312","22,552","2,013","8,577","12,145","36,391",62.0%,"5,983","8,655",714,"4,282","12,144","31,778",46.1%,74.6%,"3,191","4,497",414,"3,876","1,179","13,157",58.4%,64.2%
Romania,"29,134","28,505",22,"1,230","33,480","92,371",62.4%,97.9%,"18,029","21,068","26,474",870,"1,324","10,034","35,840",73.9%,"15,928","13,866",360,897,"13,976","45,027",66.2%,96.0%,"3,343","2,840",117,763,568,"7,631",81.0%,87.5%
South Africa,"16,327","29,021","2,136","11,317","31,913","90,714",50.0%,77.1%,"12,204","21,363","25,173","1,914","3,362","7,559","33,492",75.2%,"7,662","11,048",765,"1,551","8,989","30,015",62.3%,89.0%,"3,669","4,622",373,"1,521",942,"11,127",74.5%,81.4%
Ireland,"19,083","38,626","1,243","3,408","25,638","87,998",65.6%,92.5%,"11,159","19,258","22,168","1,151","3,108","8,398","30,821",71.9%,"6,857","9,854",451,"1,294","9,034","27,490",60.8%,90.5%,"2,685","3,781",236,"1,153",708,"8,563",75.5%,82.3%
New Zealand,"19,342","39,180","2,032","3,749","21,786","86,089",68.0%,91.0%,"7,531","14,055","17,298","1,526","14,122","9,624","28,694",60.3%,"3,430","5,603",617,"7,026","9,346","26,022",34.7%,54.2%,"3,217","4,478",556,"7,135","1,233","16,619",46.3%,50.0%
Hungary,"16,935","39,350",81,"3,677","24,848","84,891",66.3%,93.7%,"13,945","15,626","20,142",22,"1,032","9,206","28,260",71.3%,"8,849","8,222",9,697,"9,005","26,782",63.7%,96.0%,"2,642","2,383",7,599,517,"6,148",81.7%,89.2%
Malaysia,"9,789","21,108","1,632","24,380","26,640","83,549",37.0%,54.3%,"3,307","4,483","6,949",248,"20,039","4,265","25,787",26.9%,"1,217","1,487",81,"18,901","6,650","28,336",9.5%,12.5%,562,878,57,"9,846",255,"11,598",12.4%,12.7%
Thailand,"3,696","5,554",250,"55,608","12,447","77,555",11.9%,14.2%,"9,004","16,917","18,521",80,"3,168","6,843","25,629",72.3%,"5,178","8,375",44,"1,588","6,918","22,103",61.3%,89.3%,772,"1,081",22,844,326,"3,045",60.9%,68.2%
Pakistan,"8,683","31,959","1,311","15,221","16,226","73,400",55.4%,71.1%,"6,619","13,312","15,935","1,115","6,592","8,508","24,936",63.9%,"5,163","9,180",671,"3,838","8,950","27,802",51.6%,76.1%,"2,102","3,668",446,"2,501",839,"9,556",60.4%,66.2%
Serbie,"25,853","27,992",1,128,"18,441","72,415",74.4%,99.8%,"8,795","15,752","17,739","1,340","1,582","6,380","23,957",74.0%,"6,481","9,900",479,811,"6,630","24,301",67.4%,92.7%,"1,638","2,050",110,705,405,"4,908",75.1%,81.9%
Chile,"15,712","33,198","1,436","1,739","17,118","69,203",70.7%,93.9%,"6,201","14,847","16,309","1,276","10,237","5,606","22,081",73.9%,"2,471","5,538",386,"3,352","3,748","15,495",51.7%,68.2%,902,"3,279",195,"2,602",402,"7,380",56.7%,59.9%
Egypt,"10,301","22,073","1,199","8,202","20,643","62,418",51.9%,77.5%,"4,441","4,814","7,590",63,"1,822","15,316","21,125",35.9%,"2,821","3,801",30,"1,246","17,323","25,221",26.3%,83.8%,818,"1,116",26,612,579,"3,151",61.4%,75.2%
Ukraine,"5,714","8,616",63,"2,267","45,107","61,767",23.2%,86.0%,"11,043","12,513","15,111",1,122,"5,076","19,096",79.1%,"7,144","7,567",1,85,"5,711","20,508",71.7%,99.4%,"1,769","2,315",1,74,296,"4,455",91.7%,98.2%
Croatia,"16,425","16,305",112,"12,539","10,455","55,836",58.6%,72.1%,"2,220","11,158","12,081","1,221","4,451","5,154","18,369",65.8%,"1,547","6,517",427,"2,280","4,044","14,815",54.4%,74.9%,993,"3,318",194,"2,003",506,"7,014",61.5%,66.2%
Tunisia,"8,794","13,711",717,"7,039","16,787","47,048",47.8%,74.4%,"8,394","9,035","12,169",112,"7,894","2,867","15,812",77.0%,"4,927","4,126",44,"3,624","3,388","16,109",56.2%,71.2%,"1,033",430,20,"1,420",110,"3,013",48.6%,50.4%
Slovenia,"9,505","14,081",166,"8,892","11,035","43,679",54.0%,72.3%,"6,074","8,563","11,106",164,"6,425","3,258","15,513",71.6%,"2,745","3,216",58,"2,364","3,063","11,446",52.1%,71.1%,730,431,30,941,155,"2,287",50.8%,54.5%
Slovakia,"9,662","12,266",655,"2,243","17,302","42,128",52.1%,88.3%,"5,299","6,897","8,535",643,"1,909","4,697","13,559",62.9%,"3,525","3,441",218,825,"4,857","12,866",54.1%,87.0%,291,309,19,325,102,"1,046",57.4%,63.6%
Saudi Arabia,"3,039","19,245","1,282","5,564","9,737","38,867",57.3%,76.5%,"4,913","7,887","9,526",502,"1,510","3,021","12,712",74.9%,"3,213","3,626",270,"2,594","6,000","15,703",43.6%,70.5%,632,894,71,"1,361",167,"3,125",48.8%,51.6%
Colombia,"8,134","13,711",511,"1,702","8,268","32,326",67.6%,90.8%,"4,705","7,026","8,062",698,"4,641","4,316","12,630",63.8%,"4,432","6,194",232,829,"3,167","14,854",71.5%,90.9%,"1,321","1,666",70,650,332,"4,039",74.0%,80.6%
Bulgaria,"12,426","15,397",17,381,"1,025","29,246",95.1%,98.6%,"6,696","7,657","9,865",17,369,902,"10,040",98.3%,"3,604","3,600",9,181,396,"7,790",92.5%,97.4%,"1,596","1,569",5,163,117,"3,450",91.7%,95.0%
Nigeria,"1,640","4,712",674,"5,069","15,332","27,427",23.2%,52.5%,"1,340","3,030","3,599",627,"3,119","5,129","9,717",37.0%,"1,076","2,782",354,"2,966","8,677","15,855",24.3%,53.7%,795,"1,917",224,"2,691",818,"6,445",42.1%,48.2%
Lithuania,"7,311","9,987",,7,"10,002","27,307",63.3%,100.0%,"3,812","4,848","5,918",,7,"3,212","8,827",67.0%,"2,977","3,027",,4,"3,092","9,100",66.0%,99.9%,511,639,,4,116,"1,270",90.6%,99.7%
Morocco,"2,117","6,073",96,"2,070","13,366","23,722",34.5%,79.1%,"1,898","3,387","4,093",194,"1,633","3,574","7,818",52.4%,"1,604","2,662",98,"1,077","4,537","9,978",42.8%,78.4%,376,602,35,787,174,"1,974",49.5%,54.3%
Algeria,"2,663","5,451",204,"2,035","9,680","20,033",40.5%,78.4%,"1,264","3,013","3,287",95,"1,610","3,228","6,674",49.3%,"1,094","2,404",46,966,"4,932","9,442",37.0%,77.6%,299,508,32,708,190,"1,737",46.5%,52.2%
Estonia,"2,976","3,456",313,"6,373","5,167","18,285",35.2%,49.0%,"1,970","2,380","3,420",294,"3,328","1,568","6,107",56.0%,"1,048",985,92,"1,756","1,663","5,544",36.7%,52.4%,340,351,25,555,113,"1,384",49.9%,54.4%
Venezuela,"4,350","5,958",245,"1,955","3,653","16,161",63.8%,82.4%,"2,436","3,373","4,184",241,"1,379","1,302","5,649",74.1%,"2,398","2,724",103,"1,073","2,174","8,472",60.5%,81.3%,956,924,56,973,225,"3,134",60.0%,64.6%
Kenya,"2,832","6,761",201,"1,594","3,268","14,656",65.5%,84.2%,"1,791","3,346","3,897",191,"1,267","1,184","5,362",72.7%,"1,270","2,572",83,685,"1,988","6,598",58.2%,83.3%,777,"1,366",68,640,386,"3,237",66.2%,75.2%
Byelarus,"1,053","1,664",7,501,"11,087","14,312",19.0%,84.2%,855,"2,012","2,409",269,"2,845","1,674","4,938",48.8%,489,"1,025",82,"1,492","1,462","4,550",33.3%,49.0%,393,946,78,"1,841",383,"3,641",36.8%,41.1%
Bangledesh,"1,103","2,973",273,"5,007","3,660","13,016",31.3%,43.6%,784,976,"1,403",7,449,"3,512","4,751",29.5%,571,829,6,201,"3,588","5,195",26.9%,87.1%,299,407,6,168,363,"1,243",56.8%,80.2%
Cuba,"3,148","4,407",162,"1,985","2,836","12,538",60.3%,77.9%,"1,013","1,469","2,139",201,"2,483","1,050","4,726",45.3%,681,937,113,"2,098","1,340","5,169",31.3%,42.3%,563,637,66,"1,672",300,"3,238",37.1%,40.8%
Jordan,"1,123","5,050",146,"1,942","2,542","10,803",57.1%,74.7%,843,"2,731","3,031",140,"1,539","1,168","4,592",66.0%,700,"2,401",104,946,"1,469","5,620",55.2%,74.7%,464,"1,202",69,789,276,"2,800",59.5%,66.0%
Iceland,"1,470","2,470",164,"3,490","1,702","9,296",42.4%,51.9%,706,"2,574","2,854",190,925,"1,188","4,434",64.4%,535,"1,625",94,533,"1,086","3,873",55.8%,77.5%,430,"1,107",75,503,242,"2,357",65.2%,72.7%
Indonesia,"1,263","1,856",211,"3,923","1,946","9,199",33.9%,43.0%,"1,527","2,239","2,705",159,"1,191","1,095","3,880",69.7%,"1,685","2,078",96,998,"1,673","6,530",57.6%,77.5%,710,733,40,779,187,"2,449",58.9%,63.8%
Lebanon ,"2,100","3,969",369,748,"1,851","9,037",67.2%,84.5%,"1,744","2,127","3,008",174,882,590,"3,833",78.5%,"1,558","1,522",107,569,858,"4,614",66.8%,82.0%,"1,397","1,349",96,561,353,"3,756",73.1%,80.7%
Uganda,"1,898","4,091",137,813,"1,623","8,562",69.9%,86.3%,"1,047","1,566","2,092",147,"1,826",791,"3,600",58.1%,517,638,26,869,756,"2,806",41.2%,56.3%,360,453,19,592,203,"1,627",50.0%,57.1%
Uruguay,"2,812","3,645",67,167,"1,834","8,525",75.7%,96.5%,"1,287","2,108","2,556",356,645,759,"3,533",72.3%,"1,005","1,542",128,349,"1,066","4,090",62.3%,84.2%,561,754,71,306,163,"1,855",70.9%,77.7%
Philippines,"2,623","3,168",186,"1,093","1,340","8,410",68.9%,81.9%,"1,439","2,061","2,480",67,149,692,"3,169",78.3%,"1,247","1,211",25,101,"1,088","3,672",66.9%,95.1%,382,341,15,88,113,939,77.0%,87.5%
United Arab Emirates,908,"3,919",201,"1,095","2,165","8,288",58.2%,78.8%,617,"1,504","1,790",35,"1,052",890,"3,154",56.8%,406,705,18,532,651,"2,312",48.1%,66.9%,208,343,11,410,124,"1,096",50.3%,56.7%
Peru,"1,914","3,857",204,346,"1,413","7,734",74.6%,91.3%,"1,165","2,018","2,421",188,298,579,"3,066",79.0%,"1,012","1,717",79,222,866,"3,896",70.0%,90.1%,511,739,44,209,143,"1,646",75.9%,83.2%
Armenia,356,531,7,576,"5,808","7,278",12.2%,60.3%,"1,005","1,240","1,779",224,571,963,"3,000",59.3%,781,901,154,407,"1,021","3,264",51.5%,75.0%,689,620,150,372,298,"2,129",61.5%,71.5%
Cameroon,747,"3,100",305,"1,147","1,910","7,209",53.4%,72.6%,"1,203","1,928","2,276",133,662,579,"2,973",76.6%,761,"1,354",38,324,"1,001","3,478",60.8%,85.4%,416,644,33,289,202,"1,584",66.9%,76.7%
Cyprus,808,"2,069",36,"1,351","2,684","6,948",41.4%,67.5%,693,"1,673","1,882",198,912,714,"2,847",66.1%,519,"1,267",83,555,964,"3,388",52.7%,73.7%,376,841,70,524,213,"2,024",60.1%,67.2%
Kuwait,928,"2,792",201,"1,163","1,740","6,824",54.5%,73.2%,831,"1,501","1,828",132,"1,064",531,"2,700",67.7%,540,"1,066",39,627,890,"3,162",50.8%,70.7%,424,743,37,591,291,"2,086",55.9%,65.0%
Tanzania,"1,153","2,643",137,"1,559","1,301","6,793",55.9%,69.1%,269,391,553,7,407,"2,014","2,678",20.6%,218,264,4,336,"1,731","2,553",18.9%,58.6%,152,178,4,257,354,945,34.9%,55.8%
Vietnam,"1,389","1,932",244,675,"2,029","6,269",53.0%,78.3%,520,"1,558","1,690",279,816,723,"2,640",64.0%,432,"1,190",123,537,"1,057","3,339",48.6%,71.1%,396,912,97,544,334,"2,283",57.3%,67.1%
Latvia,"1,514",834,2,"1,628","2,249","6,227",37.7%,59.0%,258,655,831,35,"1,822",590,"2,636",31.5%,135,384,21,"1,470",740,"2,750",18.9%,25.8%,97,241,15,924,112,"1,389",24.3%,26.5%
Ethiopia,279,816,35,"3,740","1,236","6,106",17.9%,22.5%,785,"1,554","1,837",240,139,606,"2,564",71.6%,412,792,62,63,537,"1,866",64.5%,90.6%,294,428,45,60,87,914,79.0%,87.3%
Luxembourg,"1,116","2,735",251,144,"1,353","5,599",68.8%,90.7%,932,648,"1,326",2,866,959,"2,251",58.9%,664,282,2,712,900,"2,560",37.0%,57.0%,216,165,2,252,72,707,53.9%,60.0%
Azerbaijan,177,386,26,513,"4,154","5,256",10.7%,51.1%,398,399,694,35,"1,048",926,"2,156",32.2%,248,262,19,875,"1,260","2,664",19.1%,36.3%,211,209,18,798,675,"1,911",22.0%,34.0%
Ghana ,631,"2,535",83,435,"1,570","5,254",60.3%,85.9%,476,"1,310","1,460",81,364,562,"2,109",69.2%,358,"1,170",42,231,926,"2,727",56.0%,84.8%,276,685,31,216,262,"1,470",65.4%,79.6%
Georgia,512,439,4,715,"3,521","5,191",18.3%,56.9%,338,348,535,4,485,"1,208","1,991",26.9%,287,224,4,389,"1,165","2,069",24.7%,56.5%,125,91,4,195,268,683,31.6%,52.0%
Bosnia & Herzegovina,"1,198","1,158",10,"1,838",721,"4,925",47.8%,56.0%,699,"1,341","1,584",51,219,316,"1,981",80.0%,516,859,29,117,419,"1,940",70.9%,90.4%,312,427,18,99,96,952,77.6%,86.3%
Sri Lanka,465,551,36,"1,743","2,095","4,890",20.8%,36.4%,791,824,"1,283",10,"1,081",299,"1,921",66.8%,76,154,10,315,"1,535","2,090",11.0%,41.4%,69,133,9,285,391,887,22.8%,40.7%
Senegal,329,"1,128",256,925,"1,407","4,045",36.0%,55.2%,160,272,390,25,356,"1,430","1,916",20.4%,603,504,4,865,447,"2,423",45.7%,56.0%,215,191,4,548,40,998,40.7%,42.4%
Costa Rica,"1,051","2,068",51,231,583,"3,984",78.3%,91.7%,330,976,"1,107",79,492,551,"1,812",61.1%,224,755,57,273,592,"1,901",51.5%,74.8%,203,548,40,268,175,"1,234",60.9%,70.9%
Oman,415,"1,565",87,598,"1,166","3,831",51.7%,74.3%,269,"1,048","1,169",80,487,272,"1,685",69.4%,209,659,25,214,296,"1,403",61.9%,78.4%,176,515,22,210,100,"1,023",67.5%,74.9%
Nepal,455,"1,367",66,511,"1,347","3,746",48.6%,75.9%,467,961,"1,154",45,127,415,"1,617",71.4%,411,721,29,81,329,"1,571",72.1%,91.1%,268,371,19,75,94,827,77.3%,87.2%
Malawi,788,"1,453",35,629,690,"3,595",62.3%,77.1%,347,833,973,65,412,480,"1,568",62.1%,238,620,33,271,778,"1,940",44.2%,73.8%,210,512,30,275,163,"1,190",60.7%,70.3%
Uzbekistan,632,"2,652",5,25,218,"3,532",93.0%,99.1%,263,705,806,214,571,401,"1,458",55.3%,340,"1,065",2,21,90,"1,518",92.6%,98.4%,268,670,1,19,66,"1,024",91.6%,97.9%
Ivory Coast,343,"1,048",98,550,"1,283","3,322",41.9%,68.2%,456,"1,275","1,380",5,22,190,"1,450",95.2%,196,431,66,355,698,"1,746",35.9%,59.8%,155,268,47,337,202,"1,009",41.9%,52.4%
Burkina-Faso,328,"1,251",134,644,812,"3,169",49.8%,67.0%,433,882,"1,109",28,196,226,"1,385",80.1%,242,421,15,70,216,964,68.8%,88.6%,218,328,12,70,106,734,74.4%,86.9%
Kazakhstan,"1,000","1,686",3,60,413,"3,162",84.9%,97.7%,531,772,955,35,452,265,"1,322",72.2%,311,515,21,278,441,"1,566",52.7%,73.4%,239,362,19,258,168,"1,046",57.5%,68.5%
Qatar,337,"1,641",84,582,496,"3,140",63.0%,74.8%,189,606,670,31,240,524,"1,268",52.8%,114,465,21,155,532,"1,287",45.0%,76.7%,94,303,17,149,88,651,61.0%,70.5%
Ecuador,698,"1,444",49,140,606,"2,937",72.9%,91.9%,191,681,781,107,357,300,"1,243",62.8%,162,660,64,291,395,"1,572",52.3%,69.8%,157,598,50,289,185,"1,279",59.0%,69.0%
Moldova ,309,481,2,174,"1,824","2,790",28.3%,81.8%,627,963,"1,164",3,60,303,"1,225",95.0%,644,760,3,37,200,"1,644",85.4%,97.2%,387,471,3,36,120,"1,017",84.4%,95.7%
Macedonia,717,544,14,740,732,"2,747",45.9%,62.6%,258,667,756,122,441,297,"1,199",63.1%,160,422,45,257,454,"1,338",43.5%,65.8%,147,302,31,233,145,858,52.3%,63.0%
Syria,218,928,31,280,"1,174","2,631",43.6%,78.7%,263,494,623,52,397,372,"1,165",53.5%,173,347,18,276,465,"1,279",40.7%,63.9%,153,252,17,257,135,814,49.8%,59.6%
Zimbabwe,365,739,52,559,847,"2,562",43.1%,64.4%,214,581,673,65,466,322,"1,158",58.1%,203,533,49,324,410,"1,519",48.5%,66.4%,190,454,40,323,174,"1,181",54.5%,64.0%
Sudan,262,911,70,637,656,"2,536",46.3%,62.4%,436,392,676,14,495,302,"1,143",59.1%,356,226,7,319,402,"1,310",44.4%,64.1%,124,106,3,238,54,525,43.8%,48.8%
Panama,538,"1,348",28,225,352,"2,491",75.7%,88.2%,229,329,440,2,146,687,"1,129",39.0%,159,212,2,86,678,"1,137",32.6%,80.8%,90,112,2,50,179,433,46.7%,79.5%
Jamaica,434,573,19,159,"1,266","2,451",41.1%,85.0%,248,536,603,91,363,331,"1,023",58.9%,195,502,51,310,789,"1,847",37.7%,65.9%,169,421,46,288,270,"1,194",49.4%,63.9%
Benin,177,"1,018",122,296,803,"2,416",49.5%,74.1%,146,554,593,115,244,305,986,60.1%,103,375,48,144,453,"1,123",42.6%,71.3%,96,316,43,151,172,778,53.0%,68.0%
Zambia,442,997,15,595,345,"2,394",60.1%,70.2%,344,560,705,61,95,179,924,76.3%,322,479,37,48,247,"1,133",70.7%,90.4%,227,319,20,50,85,701,77.9%,88.6%
Iraq,216,"1,031",116,440,543,"2,346",53.2%,69.2%,306,514,631,15,428,145,910,69.3%,219,332,12,216,234,"1,013",54.4%,70.7%,185,251,12,203,79,730,59.7%,67.0%
Mali,135,618,72,891,379,"2,095",35.9%,43.9%,270,356,475,18,138,351,854,55.6%,244,261,14,96,632,"1,247",40.5%,82.1%,231,237,14,94,183,759,61.7%,81.3%
Madagascar,328,681,108,477,486,"2,080",48.5%,63.3%,239,410,523,94,329,175,830,63.0%,191,263,50,257,334,"1,095",41.5%,59.7%,173,212,41,226,135,787,48.9%,59.0%
Bolivia,494,881,68,110,359,"1,912",71.9%,88.5%,188,329,427,26,318,228,782,54.6%,139,236,12,253,303,943,39.8%,58.6%,138,216,12,247,116,729,48.6%,57.7%
Reunion,321,629,116,39,671,"1,776",53.5%,86.0%,177,365,447,46,173,247,752,59.4%,19,31,4,467,261,782,6.4%,9.6%,18,29,4,389,31,471,10.0%,10.7%
Botswana,258,504,26,489,456,"1,733",44.0%,59.7%,22,35,56,4,481,254,751,7.5%,165,268,17,113,424,987,43.9%,76.9%,157,234,18,120,122,651,60.1%,73.9%
Mozambique,500,653,18,240,283,"1,694",68.1%,81.7%,140,351,406,38,410,88,683,59.4%,121,210,22,324,173,850,38.9%,48.9%,101,177,23,286,46,633,43.9%,47.4%
Trinidad & Tobago,228,559,54,226,623,"1,690",46.6%,73.8%,120,331,372,67,362,144,659,56.4%,112,221,40,14,171,558,59.7%,86.0%,88,135,20,14,42,299,74.6%,86.8%
Cambodia,181,533,42,723,205,"1,684",42.4%,48.3%,191,353,414,104,37,221,658,62.9%,69,224,23,248,258,822,35.6%,52.0%,58,148,14,229,76,525,39.2%,45.9%
Gambia,301,734,49,326,146,"1,556",66.5%,73.4%,175,409,477,125,20,125,656,72.7%,188,268,47,21,400,924,49.4%,87.0%,119,141,36,19,66,381,68.2%,82.5%
Guadeloupe,278,485,74,30,545,"1,412",54.0%,88.0%,281,331,447,18,179,125,617,72.4%,189,240,6,82,186,703,61.0%,83.0%,164,193,6,81,70,514,69.5%,80.4%
Gabon,337,701,81,141,120,"1,380",75.2%,82.4%,76,277,308,20,153,229,615,50.1%,85,279,17,128,339,848,42.9%,71.5%,78,223,15,125,128,569,52.9%,68.3%
Mongolia,24,40,4,803,481,"1,352",4.7%,7.3%,187,208,342,,190,181,593,57.7%,118,256,15,13,157,559,66.9%,93.0%,102,177,13,11,36,339,82.3%,92.1%
New-Caledonia,225,626,134,23,284,"1,292",65.9%,84.4%,172,355,430,32,16,147,589,73.0%,128,94,,112,148,482,46.1%,66.5%,56,57,,95,28,236,47.9%,54.3%
Montenegro,238,251,,224,457,"1,170",41.8%,68.6%,76,345,377,30,119,131,567,66.5%,57,254,21,79,119,530,58.7%,75.7%,53,193,19,74,62,401,61.3%,72.6%
Libya,103,408,20,183,437,"1,151",44.4%,71.6%,173,277,320,69,30,203,543,58.9%,125,154,26,19,277,601,46.4%,86.1%,98,108,23,19,57,305,67.5%,83.1%
Malta,208,583,32,16,271,"1,110",71.3%,94.3%,106,277,315,14,106,162,518,60.8%,86,164,12,57,133,452,55.3%,78.4%,78,151,11,57,81,378,60.6%,77.1%
Albania,106,110,5,414,465,"1,100",19.6%,34.0%,89,93,165,5,241,171,483,34.2%,73,81,5,249,296,704,21.9%,37.7%,55,64,5,185,28,337,35.3%,38.5%
Papua New Guinea,179,594,15,173,134,"1,095",70.6%,80.4%,193,283,397,61,37,57,470,84.5%,180,226,14,22,82,524,77.5%,91.9%,134,156,13,22,40,365,79.5%,89.2%
Zaire,121,368,82,162,241,974,50.2%,66.7%,194,309,365,74,108,66,457,79.9%,95,163,21,105,101,485,53.2%,67.2%,91,137,21,97,55,401,56.9%,65.9%
Laos,74,186,31,524,157,972,26.7%,31.9%,177,313,361,47,208,51,457,79.0%,142,201,28,40,82,493,69.6%,83.5%,133,166,27,42,42,410,72.9%,81.3%
Guatemala,328,391,61,38,106,924,77.8%,87.9%,62,140,176,30,270,71,451,39.0%,43,81,14,281,110,529,23.4%,29.6%,44,70,13,257,38,422,27.0%,29.7%
Bahrain,143,355,14,126,257,895,55.6%,78.1%,110,298,321,15,139,61,429,74.8%,88,201,11,82,105,487,59.3%,75.7%,82,152,11,77,37,359,65.2%,72.7%
Yemen,84,463,30,134,181,892,61.3%,76.9%,93,207,253,69,108,98,415,61.0%,64,228,44,119,188,643,45.4%,64.2%,64,181,40,117,87,489,50.1%,60.9%
Rwanda,252,364,49,71,143,879,70.1%,83.7%,43,151,175,35,133,142,403,43.4%,39,118,17,138,222,534,29.4%,50.3%,37,82,19,119,100,357,33.3%,46.3%
French-Guiana,245,395,48,5,179,872,73.4%,92.4%,63,217,247,43,71,96,401,61.6%,55,201,31,88,192,567,45.1%,68.3%,57,167,30,88,87,429,52.2%,65.5%
Monaco,148,275,62,17,339,841,50.3%,84.3%,75,198,242,14,117,85,392,61.7%,54,117,5,91,94,361,47.4%,64.0%,54,104,6,92,45,301,52.5%,61.7%
Congo,79,336,44,113,224,796,52.1%,72.6%,110,123,198,16,58,155,392,50.5%,83,95,12,38,143,371,48.0%,78.1%,75,86,12,37,74,284,56.7%,76.7%
Togo,18,71,5,331,345,770,11.6%,20.9%,143,203,259,43,59,78,371,69.8%,135,225,32,53,110,555,64.9%,80.9%,126,176,26,47,49,424,71.2%,80.5%
Niger,53,213,40,178,283,767,34.7%,55.0%,109,172,222,50,17,131,357,62.2%,58,97,17,9,134,315,49.2%,85.6%,53,81,11,10,51,206,65.0%,86.5%
French-Polynesia,152,287,64,28,136,667,65.8%,82.7%,103,204,253,58,24,75,354,71.5%,74,117,16,13,96,316,60.4%,86.8%,62,91,12,13,31,209,73.2%,86.0%
Namibia,138,155,17,63,294,667,43.9%,78.6%,127,205,262,7,32,50,325,80.6%,71,71,8,70,112,332,42.8%,64.5%,70,67,8,69,57,271,50.6%,64.0%
Mauritius,139,142,16,162,204,663,42.4%,61.2%,110,106,179,15,129,92,320,55.9%,101,170,7,34,76,388,69.8%,86.9%,84,131,6,34,32,287,74.9%,84.3%
Fiji,88,244,14,154,142,642,51.7%,66.4%,72,152,184,16,32,91,298,61.7%,67,94,9,21,83,274,58.8%,84.3%,65,90,7,22,48,232,66.8%,84.2%
Nicaragua,208,301,7,39,86,641,79.4%,91.7%,33,64,87,20,96,125,293,29.7%,119,126,27,4,103,379,64.6%,88.8%,84,85,19,4,31,223,75.8%,88.0%
Martinique,111,236,24,7,226,604,57.5%,91.8%,138,195,228,42,5,54,292,78.1%,37,45,3,101,178,364,22.5%,44.1%,34,41,3,97,114,289,26.0%,42.9%
Kyrgyzstan,42,94,20,148,278,582,23.4%,44.7%,57,212,234,5,21,37,279,83.9%,65,81,5,16,60,227,64.3%,87.4%,64,73,5,16,38,196,69.9%,86.7%
Paraguay,223,208,8,17,83,539,80.0%,94.5%,115,136,207,8,17,40,253,81.8%,125,101,5,14,68,313,72.2%,92.2%,92,90,5,13,41,241,75.5%,91.0%
Grenada,79,297,5,22,99,502,74.9%,93.3%,33,138,148,11,23,78,241,61.4%,18,83,8,9,74,192,52.6%,85.6%,15,58,5,9,31,118,61.9%,83.9%
Liechtenstein,40,258,12,25,150,485,61.4%,89.0%,17,46,54,5,122,98,241,22.4%,13,51,3,162,234,463,13.8%,27.9%,13,51,3,144,86,297,21.5%,30.3%
Barbados,83,195,16,33,141,468,59.4%,85.0%,32,113,129,14,73,61,232,55.6%,30,53,5,41,83,212,39.2%,64.3%,31,55,5,47,63,201,42.8%,62.3%
Tajikistan,25,29,1,98,255,408,13.2%,35.3%,23,29,51,1,78,131,225,22.7%,17,16,1,52,130,216,15.3%,38.4%,17,16,1,52,91,177,18.6%,38.4%
Brunei,35,130,14,87,138,404,40.8%,62.0%,100,101,172,3,19,37,218,78.9%,83,82,2,18,56,241,68.5%,89.2%,76,60,2,17,29,184,73.9%,87.7%
Guinea-Bissau,87,205,11,60,41,404,72.3%,80.4%,92,96,163,1,17,39,208,78.4%,81,92,1,13,65,252,68.7%,92.5%,73,79,1,12,39,204,74.5%,92.1%
Burma,40,53,2,247,49,391,23.8%,27.2%,36,46,72,2,137,36,202,35.6%,27,40,2,149,36,254,26.4%,30.7%,25,30,2,122,24,203,27.1%,30.7%
Honduras ,127,139,1,18,76,361,73.7%,93.3%,60,100,109,24,7,69,184,59.2%,64,85,13,6,142,310,48.1%,88.7%,58,67,9,6,34,174,71.8%,89.3%
Dominican Republic,143,120,3,22,64,352,74.7%,91.3%,67,53,105,5,46,45,169,62.1%,32,37,4,44,55,172,40.1%,59.0%,31,39,4,44,50,168,41.7%,59.3%
Haiti,100,126,36,42,41,345,65.5%,74.3%,72,96,141,1,8,23,167,84.4%,83,89,1,8,34,215,80.0%,95.0%,70,69,1,8,22,170,81.8%,93.9%
Afghanistan,29,142,14,69,44,298,57.4%,67.3%,65,90,120,35,37,19,161,74.5%,65,78,9,30,37,219,65.3%,78.6%,64,78,11,30,20,203,70.0%,77.6%
Swaziland,79,65,5,57,86,292,49.3%,69.9%,26,97,112,14,56,19,159,70.4%,25,106,8,41,40,220,59.5%,72.8%,26,96,8,40,23,193,63.2%,71.8%
El Salvador,108,129,1,8,38,284,83.5%,96.3%,49,80,100,2,32,26,137,73.0%,33,34,1,2,42,112,59.8%,95.7%,33,35,1,2,30,101,67.3%,95.8%
Angola,71,115,2,36,39,263,70.7%,83.0%,34,73,97,2,2,38,136,71.3%,50,77,2,18,29,176,72.2%,86.4%,47,66,2,19,26,160,70.6%,84.3%
Central African Republic,42,103,11,21,65,242,59.9%,81.9%,23,44,60,9,63,18,131,45.8%,25,56,12,61,27,181,44.8%,52.6%,22,57,12,67,25,183,43.2%,50.0%
Guinea,23,85,4,46,76,234,46.2%,68.4%,24,68,80,1,7,37,121,66.1%,18,59,3,33,66,179,43.0%,68.1%,16,52,2,34,35,139,48.9%,65.4%
Sierra Leone,37,100,13,58,18,226,60.6%,65.9%,38,83,101,10,10,16,120,84.2%,14,47,1,8,41,111,55.0%,87.1%,13,47,1,8,36,105,57.1%,87.0%
North Korea,31,62,12,86,35,226,41.2%,48.7%,22,65,72,4,36,29,119,60.5%,25,41,5,3,20,94,70.2%,89.2%,24,39,4,3,14,84,75.0%,90.0%
Bermuda,47,84,2,2,68,203,64.5%,97.0%,37,60,81,11,20,23,115,70.4%,31,52,4,11,48,146,56.8%,84.7%,30,47,5,11,25,118,65.3%,82.8%
Seychelles,48,104,10,12,24,198,76.8%,87.4%,53,92,98,11,46,10,113,86.7%,24,58,6,34,15,137,59.9%,67.2%,24,57,5,34,13,133,60.9%,67.5%
Netherlands-Antilles,28,85,1,8,64,186,60.8%,92.6%,33,66,78,13,45,11,107,72.9%,32,51,2,18,31,134,61.9%,80.6%,35,54,2,17,19,127,70.1%,82.4%
Bahamas,45,69,7,10,54,185,61.6%,87.0%,26,28,43,,37,36,100,43.0%,21,21,,36,39,117,35.9%,53.8%,25,21,,35,29,110,41.8%,56.8%
Lesotho,42,30,,51,60,183,39.3%,58.5%,16,16,31,,51,23,94,33.0%,13,12,,43,30,98,25.5%,36.8%,6,12,,38,18,74,24.3%,32.1%
Bhutan,16,18,,79,37,150,22.7%,30.1%,5,55,57,5,23,17,84,67.9%,6,51,2,20,24,103,55.3%,72.2%,6,46,3,18,21,94,55.3%,71.2%
Mauritania,8,74,5,29,25,141,58.2%,70.7%,35,36,58,7,10,19,80,72.5%,29,33,5,8,40,115,53.9%,82.7%,27,31,5,8,32,103,56.3%,81.7%
Guyana,27,54,,11,37,129,62.8%,88.0%,14,42,48,6,12,14,76,63.2%,15,40,4,10,16,85,64.7%,79.7%,16,35,4,10,12,77,66.2%,78.5%
Liberia ,35,54,3,16,15,123,72.4%,82.4%,15,48,53,1,14,13,74,71.6%,11,26,1,7,12,57,64.9%,82.2%,11,26,1,7,11,56,66.1%,82.2%
Solomon Islands,13,68,3,18,16,118,68.6%,79.4%,18,38,49,,9,21,72,68.1%,19,42,,11,26,98,62.2%,84.7%,18,44,,11,24,97,63.9%,84.9%
Burundi,19,63,6,13,16,117,70.1%,81.2%,13,33,42,3,31,12,69,60.9%,11,18,2,21,14,66,43.9%,55.8%,10,20,2,19,12,63,47.6%,58.8%
Vanuatu,17,66,1,14,19,117,70.9%,84.7%,1,22,23,,,43,66,34.8%,1,9,,,9,19,52.6%,100.0%,1,8,,,9,18,50.0%,100.0%
Chad,14,36,3,36,15,104,48.1%,56.2%,4,15,18,,39,14,62,29.0%,4,16,,45,16,81,24.7%,30.8%,4,14,,44,15,77,23.4%,29.0%
Eritrea,4,19,,59,18,100,23.0%,28.0%,16,29,38,6,2,9,54,70.4%,16,30,3,2,12,63,73.0%,90.2%,16,28,3,2,10,59,74.6%,89.8%
Belize,19,45,6,2,15,87,73.6%,88.9%,8,40,41,3,15,12,54,75.9%,10,47,3,16,9,85,67.1%,75.0%,10,41,3,15,6,75,68.0%,73.9%
Suriname,16,31,9,15,13,84,56.0%,66.2%,14,17,25,9,13,7,45,55.6%,13,29,4,13,13,72,58.3%,71.2%,12,29,3,13,11,68,60.3%,71.9%
St-Kitts & Nevis ,17,25,1,2,24,69,60.9%,93.3%,9,19,26,4,9,7,43,60.5%,1,3,,4,17,25,16.0%,50.0%,1,3,,4,16,24,16.7%,50.0%
Vatican,1,22,,,44,67,34.3%,100.0%,1,4,5,,23,15,43,11.6%,6,15,2,6,13,42,50.0%,72.4%,6,16,2,6,13,43,51.2%,73.3%
Dominica ,9,22,4,9,14,58,53.4%,70.5%,7,19,25,,6,10,40,62.5%,7,18,,3,15,43,58.1%,89.3%,7,17,,3,14,41,58.5%,88.9%
Cape Verde,9,24,,6,17,56,58.9%,84.6%,14,19,27,1,2,13,40,67.5%,13,13,1,1,20,48,54.2%,92.9%,13,12,1,1,18,45,55.6%,92.6%
Palau,16,21,,10,3,50,74.0%,78.7%,20,21,32,3,9,4,39,82.1%,30,43,3,12,15,103,70.9%,83.0%,30,41,3,11,14,99,71.7%,83.5%
Turkmenistan,1,4,,23,21,49,10.2%,17.9%,11,21,28,,2,2,31,90.3%,10,19,,2,2,33,87.9%,93.5%,10,19,,2,2,33,87.9%,93.5%
Equatorial Guinea,13,21,,5,9,48,70.8%,87.2%,4,14,15,,4,9,26,57.7%,3,17,,4,10,34,58.8%,83.3%,3,15,,4,6,28,64.3%,81.8%
Federated States of Micronesia ,13,28,,2,2,45,91.1%,95.3%,6,18,21,,9,1,25,84.0%,10,13,,5,3,31,74.2%,82.1%,10,13,,5,2,30,76.7%,82.1%
San Marino,22,14,1,1,7,45,80.0%,94.7%,2,14,16,2,6,6,25,64.0%,5,16,2,8,7,38,55.3%,67.7%,5,17,2,8,7,39,56.4%,68.8%
Maldives,5,23,,4,12,44,63.6%,87.5%,14,10,19,1,1,4,24,79.2%,14,10,1,1,7,33,72.7%,92.3%,11,10,1,1,7,30,70.0%,91.3%
Unknown,3,10,1,2,28,44,29.5%,81.3%,2,3,5,,9,7,21,23.8%,1,3,,8,6,18,22.2%,33.3%,1,3,,9,5,18,22.2%,30.8%
Djibouti,5,19,2,8,9,43,55.8%,70.6%,7,11,14,,5,4,20,70.0%,9,18,,2,8,37,73.0%,93.1%,8,17,,2,7,34,73.5%,92.6%
Antigua & Barbuda,5,6,,1,22,34,32.4%,91.7%,4,5,8,,1,7,16,50.0%,,7,,2,13,22,31.8%,77.8%,,6,,2,10,18,33.3%,75.0%
Comoros,1,10,2,6,12,31,35.5%,57.9%,,5,5,,2,9,16,31.3%,5,4,,1,16,26,34.6%,90.0%,5,4,,1,14,24,37.5%,90.0%
Somalia,2,10,2,5,9,28,42.9%,63.2%,1,6,7,2,4,5,15,46.7%,1,9,1,6,9,26,38.5%,58.8%,1,8,1,6,7,23,39.1%,56.3%
Tonga,2,3,,10,10,25,20.0%,33.3%,3,6,8,1,2,7,14,57.1%,10,3,,3,2,18,72.2%,81.3%,10,3,,3,2,18,72.2%,81.3%
Andorra,,7,,2,15,24,29.2%,77.8%,6,3,9,,3,2,13,69.2%,2,9,2,5,9,27,40.7%,61.1%,2,9,2,5,8,26,42.3%,61.1%
Marshall Islands,11,3,,4,2,20,70.0%,77.8%,1,8,9,2,3,3,12,75.0%,3,9,1,2,25,40,30.0%,80.0%,3,9,1,2,23,38,31.6%,80.0%
Cook Islands,9,9,,1,,19,94.7%,94.7%,2,5,7,,3,2,10,70.0%,2,6,,3,2,13,61.5%,72.7%,2,6,,3,2,13,61.5%,72.7%
Sao Tome & Principe,5,7,,1,2,15,80.0%,92.3%,5,1,5,2,,3,9,55.6%,4,2,2,,4,12,50.0%,75.0%,4,1,2,,3,10,50.0%,71.4%
St-Vincent & the Grenadines,6,2,2,,4,14,57.1%,80.0%,4,5,6,,1,2,8,75.0%,,1,1,,6,8,12.5%,50.0%,,1,1,,6,8,12.5%,50.0%
St-Lucia,2,6,,3,2,13,61.5%,72.7%,,1,1,1,,6,8,12.5%,5,5,,1,,11,90.9%,90.9%,5,5,,1,,11,90.9%,90.9%
Antarctica,,1,1,,8,10,10.0%,50.0%,5,7,7,,1,,8,87.5%,5,6,,1,2,14,78.6%,91.7%,5,6,,1,2,14,78.6%,91.7%
Palestine,1,5,,,,6,100.0%,100.0%,,2,2,,1,1,4,50.0%,,2,,1,1,4,50.0%,66.7%,,2,,1,1,4,50.0%,66.7%
Venda,1,3,,1,,5,80.0%,80.0%,1,2,2,,1,,2,100.0%,1,3,,1,,5,80.0%,80.0%,1,3,,1,,5,80.0%,80.0%
Samoa,,2,,1,1,4,50.0%,66.7%,1,1,1,,,,1,100.0%,,,,2,,2,0.0%,0.0%,,,,2,,2,0.0%,0.0%
Nauru,1,,,2,,3,33.3%,33.3%,,,,,1,,1,0.0%,1,,,2,,3,33.3%,33.3%,1,,,2,,3,33.3%,33.3%
Kiribati,,,,2,,2,0.0%,0.0%,,,,,1,,1,0.0%,1,5,,,,6,100.0%,100.0%,1,5,,,,6,100.0%,100.0%
Republic of Kosovo,,,,1,,1,0.0%,0.0%,1,,1,,1,,1,100.0%,,,,1,,1,0.0%,0.0%,,,,1,,1,0.0%,0.0%
Tuvalu,,,,1,,1,0.0%,0.0%,,,,,1,,1,0.0%,,,,1,,1,0.0%,0.0%,,,,1,,1,0.0%,0.0%
WORLD,"5,546,226","12,264,088","563,954","2,298,439","6,657,208","27,329,915",65.2%,86.2%,"2,750,850","4,116,595","4,458,622","496,825","1,542,186","1,153,640","5,483,841",81.3%,"1,194,340","1,642,066","123,023","456,020","1,354,802","4,770,251",59.5%,83.0%,"209,737","256,166","23,919","323,687","16,945","830,454",56.1%,57.3%